no,Tgl_Iklan,url,harga,Kota,LT,LB,KT,KM,KTP,KMP,carport,garasi,listrik,surat,Judul,deskripsi
1,4/6/2021,https://www.rumah123.com/properti/palembang/hos8130952/,1400000000,Palembang,201,192,3,3,0,0,1,1,2200,SHM,New Listing Rumah 2 Lantai Semi furnish di Jl. Kebun Bunga KM 9 Palembang,"SHM IMB PBB KT 3, KM 3, LT 2 HADAP BARAT LISTRIK 2300 AIR PDAM"
2,4/6/2021,https://www.rumah123.com/properti/palembang/hos8130834/,3500000000,Palembang,293,58,4,2,0,0,1,0,5000,SHM,New Listing Cepat Rumah Siap Huni di Lorong Karya II Jl. Dwikora I Palembang,Luas Tanah : 293 M2 Luas Bangunan : 58 M2 Kamar tidur : 4 unit Kamar mandi : 2 unit Gudang : 1 unit Jumlah lantai : 1 lantai Harga Jual : Rp. 3.500.000.000 Sertifikat Hak Milik Listrik 5000 watt Air PDAM
3,4/6/2021,https://www.rumah123.com/properti/palembang/hos8130496/,1850000000,Palembang,300,300,8,6,0,0,1,1,1300,SHM,Rumah 2 Lantai di Jl. Inspektur Marzuki Pakjo Palembang,Luas Tanah : 300 m2 Luas Bangunan : 300 m2 Kamar tidur : 8 Kamar Mandi : 6 Lantai : 2 Harga Jual Rp. 1.850.000.000 -SHM -Listrik : 1300 watt -Air : PAM 24 Jam -Ada ruangan untuk kantor
4,4/9/2021,https://www.rumah123.com/properti/palembang/hos8149599/,800000000,Palembang,154,150,2,1,0,0,1,0,2200,SHM,"Rumah Jln Kapten Marzuki, dekat Universitas Tridinanti, SMP Xaverius I Tengah Kota Palembang",Spesifikasi : Sertifikat Hak Milik PBB Listrik 2200 watt Air PDAM
5,4/9/2021,https://www.rumah123.com/properti/palembang/hos8148286/,6000000000,Palembang,878,700,5,3,0,0,1,1,1300,SHM,New Listing Rumah Lokasi Strategis di Jl. Silaberanti Plaju Palembang,"Lokasi Rumah di jalan utama Silaberanti Dekat Universitas Muhammadiyah Palembang Lokasi dibelakang Stikes Muhammadiyah Palembang Lingkungan Ramai dan Nyaman Ada Kios 11 pintu sewa 10 jt/thn/unit Ada Kos-kosan 12 pintu sewa. 7.5 jt/thn/unit Ada Kontrakan 4 pintu sewa 5 jt/thn/unit Cocok untuk investasi, usaha dan tempat tinggal keluarga"
6,4/9/2021,https://www.rumah123.com/properti/palembang/hos8148128/,1600000000,Palembang,355,200,2,3,0,0,0,0,2200,SHM,New Listing Cepat Rumah 2 Lantai di Jl Tanjung Pandan Sako Palembang,"Posisi hook, Rumah dengan lingkungan yang nyaman aman , dekat dengan sekolah, Ptc mall, sekolah, pasar, bandara, fasilitas umum."
7,4/9/2021,https://www.rumah123.com/properti/palembang/hos8148032/,1200000000,Palembang,211,150,4,2,1,0,1,0,2200,SHM,New Listing Rumah Nyaman Huni di Jl. Musi 1 Way Hitam Palembang,"Lokasi Rumah di Lingkungan Ramai dan Nyaman, Cocok untuk investasi, dan sebagai tempat tinggal bersama keluarga anda"
8,4/9/2021,https://www.rumah123.com/properti/palembang/hos8147522/,400000000,Palembang,84,40,2,1,0,0,1,0,0,SHM,Miliki Hunian Komersil Green Center Park Terbaik dikelasnya hanya Di Palembang,"Khusus : Pns, Bumd, Bumn, Karyawan Swasta Nasional/Multinasional"
9,4/9/2021,https://www.rumah123.com/properti/palembang/hos8147168/,850000000,Palembang,560,120,3,2,0,0,1,0,2200,SHM,New Listing Rumah Hunian di Jl. May Zen Dekat Kawasan Komplek PUSRI Palembang,"Rumah kondisi bagus dan terawat. Siap huni. terletak di kawasan ramai dan padat penduduk, dekat area komplek PUSRI. Lingkungan aman dan nyaman. Bebas Banjir. Akses dekat kemana-mana."
10,4/6/2021,https://www.rumah123.com/properti/palembang/hos8130078/,1800000000,Palembang,461,70,4,3,0,0,1,0,1300,SHM,Rumah di Jl. Mojopahit Kertapati Seberang Ulu 1 Palembang,Akses jalan 2 mobil 200m dari jalan Utama Lokasi di depan Masjid Lingkungan Aman dan Nyaman Cocok untuk tempat tinggal keluarga
11,4/6/2021,https://www.rumah123.com/properti/palembang/hos8129937/,2500000000,Palembang,377,320,3,3,0,0,1,1,2200,SHM,New Listing Rumah Nyaman Huni di Jl. Lingkar Istana Demang Lebar Daun Palembang,"Akses jalan 2 mobil Lokasi ditengah kota Palembang Lokasi disamping Istana Gubernur Dekat Mall Palembang Square, Palembang Icon, Transmart, dan Palembang Indah Mall Dekat Rs. SILOAM Dekat Hotel. Aryaduta Dekat ke Pusat Pemerintahan Palembang Lingkungan Aman dan Nyaman Cocok Untuk kos-kosan dan Rumah Tinggal Keluarga."
12,5/15/2020,https://www.rumah123.com/properti/palembang/hos6562342/,400000000,Palembang,84,40,2,1,0,0,1,0,1300,SHM,Rumah tanpa DP,Fasum luar komplek: Dekat MCD Dekat Cinema mall Dekat Danau eco Dekat Giant Dekat bandara Dekat sekolah Dekat pasar tradisionall Jooging track
13,4/24/2020,https://www.rumah123.com/properti/palembang/hos6475096/,425000000,Palembang,98,40,2,1,0,0,1,0,1300,SHM,Miliki Hunian Komersil Terbaik di Kota Palembang,Air ATS CCTV Security 24 Jam Jogging Track Musholla Taman Buah
14,10/6/2020,https://www.rumah123.com/properti/palembang/hos7398829/,550000000,Palembang,120,200,2,1,0,0,1,0,2200,SHM,Rumah Murah Komplek Griya Kencana Indah - Palembang,"Letak Strategis dekat dengan Rs. Charitas cabang kenten,sekolah TK-SD Xaverius 9, Gereja Katolik St.Petrus, Pasar Perumnas,Terminal Perumnas,Gereja HKBP,Mesjid.."
15,4/1/2021,https://www.rumah123.com/properti/palembang/hos8106924/,1600000000,Palembang,365,350,9,3,0,0,1,1,900,SHM,Rumah 350/365 lt2 Sekip ujung Palembang,LT : 365m LB : 350m (Lt.2) KT : 9 KM : 3 Listrik : 900 watt
16,1/5/2021,rumah123.com/properti/palembang/hos7744686/,2500000000,Palembang,348,144,3,2,0,0,1,1,6600,SHM,rumah di villa damai kedamaian permai 2 Palembang,rumah di palembang villa damai kedamaian permai 2 depan SMA kusuma bangsa Luas tanah 348 Luas bangunan 9 x 16 1 lantai Kamar tidur 3 Kamar mandi 2 Listrik 6600 Pam Sertifikat hak milik lokasi strategis. posisi di Hook. Hadap timur
17,3/31/2021,https://www.rumah123.com/properti/palembang/hos8105039/,1300000000,Palembang,129,150,3,2,0,0,1,0,2200,SHM,New Listing Rumah Full Furnis Komplek Grand Garden Celentang Palembang,Lokasi berseberangan Basilica Celentang 2 menit ke Pasar Perumnas 3 menit ke Pusri 3 menit ke SMA Kumbang 4 menit ke Pusri 5 menit ke PTC Mall
18,3/28/2021,https://www.rumah123.com/properti/palembang/hos8090654/,2074000000,Palembang,133,126,3,3,0,0,1,1,2200,SHM,"Rumah One Gate System di Kenten City Type Brassica, Suka Maju, Sako Kota Palembang","Rumah one gate system dengan kondisi bagus siap huni, berada di jalan Kenten, Suka Maju, Sako, Suka Maju, Kec. Sako, Kota Palembang. Cocok untuk tempat tinggal keluarga Anda. Posisi rumah berada di lingkungan mudah untuk akses ke transportasi umum"
19,3/28/2021,https://www.rumah123.com/properti/palembang/hos8090539/,650000000,Palembang,112,80,3,2,0,0,1,0,3300,SHM,"Rumah one gate system Siap Pakai di Kebun Bunga, Sukarami, Palembang","Rumah one gate system dengan kondisi bagus siap huni, berada di jalan Kebun Bunga, Kebun Bunga, Kec. Sukara"
20,3/28/2021,https://www.rumah123.com/properti/palembang/hos8090362/,930000000,Palembang,300,200,4,5,0,0,1,0,2200,SHM,Rumah di Komplek perumahan DPR Jl Matahari Maskarebet Palembang,"lokasi rumah Strategis tdk Banjir Posisi Hook terdapat 2 kios. Dekat Sekolah ( SDN 243 , SMPN 54 ) Dekat pasar tradisional. Dekat dgn Supermarket Gerai ATM Dekat Polsek Sukarami. 5 menit ke kampus IGM. 10 menit ke Bandara Internasional SMB II."
21,3/25/2021,https://www.rumah123.com/properti/palembang/hos8077294/,10000000000,Palembang,1065,400,3,3,0,0,1,1,4400,SHM,Rumah Dengan Halaman Luas di jl. Beliton Puncak Sekuning Palembang,"lokasi rumah berada di Lingkungan nyaman, jalan lebar dan asri, bebas banjir, Pusat Kota Palembang. Jarak 5 menit ke PS Mall, Palembang Icon, Transmart, minimarket, perkantoran jalan Arivai, kampus Universitas Sriwijaya, Restoran, Kafe dan kuliner lainnya. Jarak 2 menit ke SMP Xaverius 2, SMA Negeri 2, dan sekolah lainnya."
22,3/25/2021,https://www.rumah123.com/properti/palembang/hos8078351/,1200000000,Palembang,102,230,3,3,0,0,1,0,2600,SHM,New Listing 2 Unit Rumah Gandeng di Komplek Alir Estate Bukit Sangkal Palembang,"Lokasi Rumah hanya 5 menit ke Mall,Super Indo, JM Kenten, Pasar Ikan Modern, PTC Mall Lokasi 10 menit ke Bandara, Terminal Perumnas, Pusri."
23,3/25/2021,https://www.rumah123.com/properti/palembang/hos8077980/,850000000,Palembang,107,117,1,2,0,0,1,0,2200,SHM,Townhouse Samping Sekolah Maitreyawira di Jl. Residence A. Rozak Palembang,Townhouse memiliki HBU Karena Bangunan nya masih Standart ( Plong ) bisa dibuat Multifungsi diantaranya : Sebagai Less Privat / Bimbingan Belajar Bangunan bisa dibuat Kos-Kosan ( dekat dg Sekolah Maitreyawira dan SMA Kumbang ) Bangunan bisa dibuat Ruko Bangunan bisa dibuat Rumah Tingga
24,3/25/2021,https://www.rumah123.com/properti/palembang/hos8077798/,1450000000,Palembang,102,144,3,2,0,0,1,0,3300,SHM,Townhouse di Komplek Elit Grand Graden Celentang Palembang,"Townhouse kondisi bagus, Berada di Komplek Grand Garden, One gate system, keamanan 24 jam, Lingkungan Elit, Memiliki Fasilitas Umum yg Lengkap : Taman, Kolam Renang , Joging Track.Tempat Ibadah ( Masjid ) Security 24Jam. Cocok Untuk Tempat Tinggal Keluarga / sebagai Aset."
25,2/7/2021,https://www.rumah123.com/properti/palembang/hos7883704/,390000000,Palembang,60,36,2,1,0,0,0,0,1300,SHM,Raih Kesempatan Dengan Mendapatkan Rumah 2Lantai Termurah Sejagad 081394348833,Hunian Sejuk dan Asri Berlokasi Sangat Strategis dan Ramah Lingkungan ini Sangat Reccomended Ini Sangat Cocok Untuk Tempat Tinggal Maupun Investasi.
26,4/7/2021,https://www.rumah123.com/properti/palembang/hos8137391/,1353000000,Palembang,84,63,4,4,0,0,1,0,2200,HGB,Rumah Modern Minimalis di Komplek The Spring Kenten City Palembang,Info Lanjut Hubungi Segera
27,4/7/2021,https://www.rumah123.com/properti/palembang/hos8137264/,1795000000,Palembang,160,99,3,3,0,0,1,0,2200,HGB,New Listing Rumah Modern Minimalis di Komplek The Spring Kenten City Palembang,nfo Lanjut Hubungi Segera
28,4/7/2021,https://www.rumah123.com/properti/palembang/hos8137130/,1150000000,Palembang,168,100,4,3,0,0,1,0,2200,SHM,New Listing Rumah Full Furnish di Jl. Basuki Rahmat Palembang,Info Lanjut Hubungi Segera
29,4/7/2021,https://www.rumah123.com/properti/palembang/hos8136689/,2400000000,Palembang,315,360,3,4,0,0,1,1,2200,SHM,Rumah Cantik di Komplek Tanjung Barangan Indah Palembang,Info Lanjut Hubungi Segera
30,4/7/2021,https://www.rumah123.com/properti/palembang/hos8136551/,2000000000,Palembang,400,378,3,3,0,0,1,1,2200,SHM,New Listing Cepat Rumah Cantik di Komplek Ogan Taman Permai Atlet Jakabaring Palembang,Kondisi rumah bagus siap
31,4/12/2021,https://www.rumah123.com/properti/palembang/hos8159127/,980000000,Palembang,170,150,5,3,0,0,1,0,1300,SHM,New Listing Dijual Rumah Nyaman Huni di Komplek Sukarame Indah Palembang,Rumah terletak di lokasi strategis. Dekat dengan fasilitas umum. Cocok untuk tempat tinggal bersama keluarga.
32,12/6/2020,https://www.rumah123.com/properti/palembang/hos7639259/,425000000,Palembang,125,54,2,1,0,0,1,0,1300,SHM,hunian asri 5 menit dari pasar prumnas,"graha Sako baru perumahan dengan konsep one gate sistim yg berlokasi di Sako baru jl gotong royong 2,"
33,10/14/2019,https://www.rumah123.com/properti/palembang/hos5118066/,800000000,Palembang,145,120,5,1,0,0,1,0,2200,SHM,"Rumah di Perumahan Puri Sejahtera, Sukatani Kenten Palembang Kota","Luas Tanah: 145 meter, Luas bangunan: 120 meter,"
34,1/20/2021,https://www.rumah123.com/properti/palembang/hos7806881/,7000000000,Palembang,496,160,18,18,0,0,1,0,2200,SHM,New Listing Kost dan Rumah Lokasi di Dwikora II Palembang,"Rumah dan kost siap pakai, lokasi hanya 5 menit dari PS Mall, bebas banjir tengah kota."
35,1/12/2021,https://www.rumah123.com/properti/palembang/hos7771125/,275000000,Palembang,90,36,2,1,0,0,1,0,1300,SHM,Hunian nyaman 10 menit dari PTC MALL,"mutiara 87 perumahan terbaru area Soak Simpur suka bangun 2 ,total 42 unit sangat cocok untuk keluarga tercinta"
36,1/18/2021,https://www.rumah123.com/properti/palembang/hos7798070/,3000000000,Palembang,200,180,4,4,0,0,1,0,3300,SHM,New Listing 1 Unit Rumah di Komplek Permata Griya Jln R. Soekamto Palembang,"Rumah kondisi bagus siap huni, lokasi dalam komplek aman dan nyaman. Cocok untuk tempat tinggal keluarga, one gate system, 20 menit ke Bandara, di depan komplek mall PTC dan hotel Novotel, dekat perbankan, MC Donal serta bangunan komersil lainnya."
37,12/19/2020,https://www.rumah123.com/properti/palembang/hos7686944/,12000000000,Palembang,750,900,7,6,0,0,1,1,2200,SHM,rumah mewah,Rumah Dijual Palembang RUMAH MEWAH FULL FURNISH JATI JEPARA SIAP HUNI
38,12/19/2020,https://www.rumah123.com/properti/palembang/hos7686938/,2700000000,Palembang,273,551,6,4,0,0,1,1,1300,SHM,rumah moderen minimalis,Rumah Dijual Palembang DIJUAL RUMAH MODEREN MINIMALIS
39,3/15/2021,https://www.rumah123.com/properti/palembang/hos8033711/,1500000000,Palembang,96,140,3,3,0,0,1,0,4400,SHM,New Listing Townhouse Cantik di Jl. Seduduk Putih Palembang,"Bangunan kondisi bagus, berada di komplek Blossom Residence cocok buat rumah tinggal,kantor dan kost, kawasan tenang ,posisi bebas banjir."
40,3/26/2021,https://www.rumah123.com/properti/palembang/hos8084411/,1700000000,Palembang,150,170,3,2,0,0,0,0,2200,SHM,New Listing Rumah Bagus Full Furnished di Jl. Pandita Tegal Binangun Plaju,"Rumah sangat bagus, nyaman, dan lokasi strategis, berada di jalan utama dan bebas banjir. Akses jalan besar. Cocok untuk tempat tinggal yang nyaman dan menenangkan untuk keluarga."
41,12/20/2017,https://www.rumah123.com/properti/palembang/hos3000144/,585000000,Palembang,105,50,2,2,0,0,0,0,1300,SHM,Hunian Exclusip di belakang jm Mall plaju,"jaya 6 residen perumahan exclusip di plaju, lokasi strategi"
42,11/28/2020,https://www.rumah123.com/properti/palembang/hos7609782/,700000000,Palembang,178,250,3,1,0,0,0,0,1300,SHM,Rumah di Sasana Patra Tegal Binangun Palembang,Rumah Dijual Palembang
43,3/30/2021,https://www.rumah123.com/properti/palembang/hos8098497/,2500000000,Palembang,538,608,6,4,0,0,0,0,2200,SHM,Rumah di Tepian Jalan Utama Panjaitan Plaju Palembang,Info Lanjut Segera Hubungi (Julian : 082180744445 Julizar : 082262711115) New Listing Dijual Cepat Rumah di Tepian Jalan Utama Panjaitan Plaju Palembang.
44,3/12/2021,https://www.rumah123.com/properti/palembang/hos8026009/,1300000000,Palembang,109,218,3,3,0,0,0,0,2200,SHM,Rumah Full Furnished di Komplek Le Patra Jl. Tegal Binangun Jakabaring,"Informasi Lebih Detail Hubungi : Irma Asari 085268492020. Dijual Rumah Full Furnished di Komplek Le Patra Jl. Tegal Binangun Jakabaring. Deskripsi : Rumah siap huni, nyaman, dan lokasi komplek strategis, berada di jalan utama dan bebas banjir. Akses jalan besar. Cocok untuk tempat tinggal yang nyaman dan menenangkan untuk keluarga."
45,8/12/2020,https://www.rumah123.com/properti/palembang/hos7121228/,675000000,Palembang,130,68,2,2,0,0,0,0,0,SHM,Aurora Residence Dekat LRT Palembang dan GOR Jakabaring,"Pemilik : 085215700115. Rumah di perumahan Aurora Residence di jalan tegal binangun kota palembang. LT 130m2, LB 58m2, 2KT luas, 2KM."
46,4/7/2021,https://www.rumah123.com/properti/palembang/hos8136176/,1400000000,Palembang,288,112,4,4,0,0,0,0,900,SHM,New Listing Rumah Nyaman Huni di Lr. Langgar Jl. Sekip Ujung Palembang,"Info Lanjut Hubungi Segera Rakhmat 081377971122.  New Listing Dijual Rumah Nyaman Huni di Lr. Langgar Jl. Sekip Ujung Palembang. Deskripsi : Lokasi 50m dari jalan Utama Sekip Ujung, Akses jalan 2 mobil, Bebas banjir, Dekat Pasar Sekip Ujung, Lingkungan Aman dan Nyaman, Cocok untuk Usaha, Ruko dan Tempat Tinggal Keluarga."
47,3/8/2021,https://www.rumah123.com/properti/palembang/hos8010298/,2000000000,Palembang,100,185,4,3,0,0,0,0,2200,SHM,Rumah Full Furnish di Komp. Villa Jasmine Rawasari jl. R. Soekamto Palembang,Informasi Lebih Hubungi Emil : 081271390120 Prasetia : 085267059486 Ratna : 082372117111.  Dijual Rumah Full Furnish di Komp. Villa Jasmine Rawasari jl. R. Soekamto Palembang
48,5/12/2017,https://www.rumah123.com/properti/palembang/hos2542068/,5990000000,Palembang,267,350,7,6,0,0,0,0,6600,SHM,Rumah mewah dipusat Kota satu langka Dari hotel aston,DiJual rumah mewah Beserta Isi di swadaya lokasi strategis -1 menit Dari hotel Aston -3 menit Dari ptc mall - 2 menit Dari rs hermina - 4 menit Dari POLDA Lingkungan nyaman
49,3/22/2021,https://www.rumah123.com/properti/palembang/hos8063747/,1000000000,Palembang,210,126,3,3,0,0,0,0,2200,SHM,"New Listing Townhouse 2,5 Lantai Type Mezanine di Jln Supomo Palembang","Informasi Lebih Lanjut Hubungi Alamsyah : 081218179137 Lendra : 081288535034 Rosalina : 082185895667. New Listing Dijual Townhouse 2,5 Lantai Type Mezanine di Jln Supomo Palembang"
50,3/22/2021,https://www.rumah123.com/properti/palembang/hos8063608/,1500000000,Palembang,80,210,2,3,0,0,0,0,2200,SHM,New Listing Townhouse di Komplek Taman Meteor Indah 2 Jln Supomo Palembang,Informasi Lebih Lanjut Hubungi Alamsyah : 081218179137 Lendra : 081288535034 Rosalina : 082185895667. Dijual Townhouse di Komplek Taman Meteor Indah 2 Jln Supomo Palembang
51,3/18/2021,https://www.rumah123.com/properti/palembang/hos8048803/,3000000000,Palembang,204,200,3,2,0,0,0,0,3500,SHM,New Listing 1 Unit Townhouse Full Furnish di Komplek PU Sekip Palembang,Info Lebih Lanjut Hubungi Segera Faisal : 081368994003 Ermin : 081397097058. New Listing Dijual 1 Unit Townhouse Full Furnish di Komplek PU Jl. May Salim Batubara Palembang
52,3/19/2021,https://www.rumah123.com/properti/palembang/hos8052961/,3200000000,Palembang,358,280,4,3,0,0,0,0,2200,SHM,New Listing Rumah Lokasi Strategis di Belakang RSMH Madang Palembang,Informasi Lengkap Hubungi Ratna : 082372117111 Emil : 081271390120 Prasetia : 085267059486. New Listing Dijual Rumah Lokasi Strategis di Belakang RSMH Madang Palembang
53,3/16/2021,https://www.rumah123.com/properti/palembang/hos8040186/,6980000000,Palembang,844,500,5,5,0,0,0,0,3300,SHM,New Listing Rumah Strategis Plus Kosan di Sekip Palembang,Info Lebih HUbungi Segera Zaki 081384332211 Mona 081379290820.  New Listing Jual Rumah Strategis Plus Kosan di Sekip Palembang
54,2/5/2021,https://www.rumah123.com/properti/palembang/hos7878552/,2500000000,Palembang,433,300,4,2,0,0,0,0,2200,SHM,New listing Rumah Nyaman Huni di Jalan Lomba Jaya Sekip Palembang,"Hubungi Segera Diana : 081373362152.  New listing Dijual Rumah Nyaman Huni di Jalan Lomba Jaya Sekip Palembang. Deskripsi : Rumah besar dan siap huni, Berada di lokasi strategis, Posisi Rumah bebas banjir, lingkungan Asri dan nyaman, Halaman depan luas dan masih ada sisa tanah belakang 1,5 meter, 5 menit ke PTC Mall."
55,1/18/2021,https://www.rumah123.com/properti/palembang/hos7798645/,1750000000,Palembang,300,200,1,2,0,0,0,0,2200,SHM,New Listing Rumah di Sekip Bendung Palembang,"WA Sekarang : Hendra : 085266231677, Robert : 081383336697. New Listing Jual Rumah di Sekip Bendung Palembang. Deskripsi : Kondisi rumah sekarang di sewa kantor, cocok untuk kos-kosan, tempat usaha dan lainnya. Lokasi padat penduduk, berada di kawasan bisnis. 10 menit ke PTC dan RS Hermina."
56,3/21/2021,https://www.rumah123.com/properti/palembang/hos8059192/,1600000000,Palembang,365,350,9,3,0,0,0,0,900,SHM,Rumah 350/365 lt2 Sekip ujung Palembang,"Call/WA : 0816-382660. Dijual Rumah 350/365 lt2 Sekip ujung Palembang. LT : 365m, LB : 350m (Lt.2), KT : 9, KM : 3, Listrik : 900 watt. Harga : 2 M turun menjadi 1,6 M"
57,3/15/2021,https://www.rumah123.com/properti/palembang/hos8035012/,1450000000,Palembang,285,126,4,2,0,0,0,1,1300,SHM,New Listing Rumah Nyaman Huni di Jl. Meriam Sekip Ujung Palembang,Informasi Lebih Detail Hubungi Ratna : 082372117111.  New Listing Dijual Rumah Nyaman Huni di Jl. Meriam Sekip Ujung Palembang. 
58,3/15/2021,https://www.rumah123.com/properti/palembang/hos8033869/,2100000000,Palembang,260,200,4,3,0,0,0,0,2200,SHM,"Cepat Rumah di Jl. Letjen Simanjuntak, Belakang RS. Hermina Palembang","Informasi Lebih Detail Hubungi Ratna : 082372117111 Emil : 081271390120. Dijual Cepat Rumah di Jl. Letjen Simanjuntak, Belakang RS. Hermina Palembang"
59,3/3/2021,https://www.rumah123.com/properti/palembang/hos7986306/,900000000,Palembang,270,242,4,24,0,0,0,0,1300,SHM,"New Listing Rumah Tengah Kota di Jl. TK Amaliyah, Sekip Palembang","Info Lanjut Hubungi Segera Irma Asari 085268492020. New Listing Dijual Rumah Tengah Kota di Jl. TK Amaliyah, Sekip Palembang. Lokasi: Jl. Tk. Amaliyah, 20 Ilir D II, Kec. Kemuning, Kota Palembang, Sumatera Selatan 30164"
60,10/12/2020,https://www.rumah123.com/properti/palembang/hos7423957/,6500000000,Palembang,638,240,5,2,1,1,0,0,2200,SHM,RUMAH TENGAH KOTA PALEMBANG SINTRAMANJAYA SEKIP UJUNG KEMUNING,"Dijual rumah Tanah luas di tengah kota Palembang di Komplek Sintramanjaya , Sekip Ujung, Kel.20 Ilir D-II , Kec.Kemuning, Palembang Sumatera Selatan. Legalitas : Sertifikat : Hak Milik (SHM), Pajak Bumi dan bangunan : PBB. Hubungi Pak Kodim di HP : 0812 1919 8032."
61,4/8/2021,https://www.rumah123.com/properti/palembang/hos8141391/,500000000,Palembang,122,56,2,1,0,0,1,0,1300,SHM,New Listing Rumah Cantik di Jl. Pangeran Ratu Jakabaring Palembang,Rumah baru bukan rumah second. Terletak di lokasi strategis. Dekat dengan fasilitas umum. Cocok untuk tempat tinggal bersama keluarga.
62,4/8/2021,https://www.rumah123.com/properti/palembang/hos8141391/,8000000000,Palembang,1237,750,6,5,0,0,6,6,5500,SHM,Rumah Mewah di Jl. Pemiri Mp Mangkunegara Kenten Palembang,"150 m dari jl.utama Mp.Mangkunegara, Lingkungan Nyaman, Bebas Banjir, Akses jalan 2 mobil, Dekat sekolah Paramount, Dekat Giant Mall, JM Plaza dan PTC, Dekat Masjid"
63,4/5/2021,https://www.rumah123.com/properti/palembang/hos8125375/,350000000,Palembang,108,40,2,1,0,0,0,0,1300,SHM,Rumah Murah di Komplek Graha Utama Bandara Blok B No. 6 Tl. Jambe Palembang,"Rumah berada dalam komplek perumahan yang aman dan nyaman, security 24 jam, Bebas banjir. Dekat dengan sekolah (SD, SMP, SMA, PESANTREN). Dekat dengan pasar traditional, minimarket, 1 menit ke hotel Santika, 5 menit ke Bandara International SMB II. Kawasan ramai lalu lintas kendaraan dan mudah dijangkau. Cocok untuk hunian bersama keluarga tercinta."
64,4/5/2021,https://www.rumah123.com/properti/palembang/hos8125201/,650000000,Palembang,112,70,2,1,0,0,0,0,1300,SHM,Rumah Murah di Komplek Graha Utama Bandara Tl. Jambe Palembang,"Rumah siap huni, berada dalam komplek perumahan yang aman dan nyaman, security 24 jam, Bebas banjir. Dekat dengan sekolah (SD, SMP, SMA, PESANTREN). Dekat dengan pasar traditional, minimarket, 1 menit ke hotel Santika, 5 menit ke Bandara International SMB II. Kawasan ramai lalu lintas kendaraan dan mudah dijangkau. Cocok untuk hunian bersama keluarga anda."
65,4/5/2021,https://www.rumah123.com/properti/palembang/hos8124967/,1300000000,Palembang,200,85,3,2,0,0,0,0,2200,SHM,Rumah Cantik di Cluster Pavilion Type Jasmine Komplek Citra Grand City Palembang,"Rumah Posisi Hook ( bagian belakang lebih lebar daripada depan, sehingga bentuk tanah kantong. Cukup luas tanah sisa belakang dan samping kanan. Kawasan perumahan aman nyaman, bebas banjir, security 24 jam. Cocok untuk hunian bersama keluarga tercinta."
66,4/5/2021,https://www.rumah123.com/properti/palembang/hos8124643/,1900000000,Palembang,159,140,2,2,0,0,1,0,2200,SHM,Rumah Tinggal Murah di Area Dempo Dalam Jl. Lingkaran 1 Palembang,"Rumah berada di tengah kota palembang,lokasi nyaman padat penduduk, Cocok sekali untuk rumah pribadi, kantor / kosan, Investasi."
67,4/5/2021,https://www.rumah123.com/properti/palembang/hos8124332/,2200000000,Palembang,200,280,5,4,0,0,1,2,2200,SHM,New Listing Townhouse Mewah di Pusat Kota Jl. Kemang Area Demang Lebar Daun,"Kondisi Townhouse sedang dalam tahap pembangunan, bangunan 2,5 lantai, lokasi dikawasan yang strategis dengan akses kemana-mana mudah."
68,3/30/2021,https://www.rumah123.com/properti/palembang/hos8098731/,370000000,Palembang,170,90,3,2,0,0,0,0,1300,SHM,Rumah Dengan Halaman luas di Jl. Serasi 1 Komplek Alang Alang Lebar Permai Km 12,Rumah bagus dan siap huni berada di dalam kompleks perumahan Alang Alang lebar permai. Kawasan aman dan nyaman bebas banjir.
69,3/30/2021,https://www.rumah123.com/properti/palembang/hos8098403/,1150000000,Palembang,400,110,3,3,0,0,0,0,1300,SHM,New Listing Cepat Rumah di Komplek TOP 100 Jakabaring Palembang,~ Lokasi dekat Masjid Cengho Jakabaring. ~ Hanya 5 menit ke Stadion.Jakabaring. ~ Dekat Lokasi Perkantoran Pemerintahan Daerah.
70,3/30/2021,https://www.rumah123.com/properti/palembang/hos8098184/,900000000,Palembang,96,150,3,3,0,0,1,0,2200,SHM,New Listing Townhouse Cantik di Komplek Bukit Raflesia Kenten Palembang,"Rumah kondisi bagus ,siap huni,berada dalam komplek one gate system,posisi hook. Parkir luas,bebas banjir.Lingkungan aman dan nyaman, dekat ke bandara dan mudah kemana-mana."
71,4/12/2021,https://www.rumah123.com/properti/palembang/hos8158253/,450000000,Palembang,106,130,4,2,0,0,1,0,2200,SHM,New Listing Rumah Murah di Jl. Kol. Sulaiman Amin Talang Buruk KM 7 Palembang,Akses jalan 2 mobil Lokasi di dekat Masjid Lingkungan Aman dan Nyaman Cocok untuk tempat tinggal keluarga.
72,4/12/2021,https://www.rumah123.com/properti/palembang/hos8158147/,775000000,Palembang,114,100,3,2,0,0,0,0,1300,SHM,New Listing Rumah Cantik Minimalis Murah Dekat SMA 17 Palembang,"Rumah minimalis terawat, bersih dan rapi, mudah diakses, tempat strategis sehingga sangat cocok untuk hunian bersasma keluarga anda."
73,3/19/2021,https://www.rumah123.com/properti/palembang/hos8053782/,550000000,Palembang,138,170,4,3,0,0,0,0,2200,SHM,Rumah Murah di Komplek Perumahan Surya Akbar 2 Talang Jambe Palembang,"Dekat pasar tradisional, Dekat sekolah ( SD , SMPN 59.Pesantren ) , 7 menit ke Bandara Internasional SMB II.Palembang, 15 Menit menuju Pelabuhan Tanjung Api- Api."
74,3/16/2021,https://www.rumah123.com/properti/palembang/hos8040695/,3300000000,Palembang,332,116,5,3,0,0,1,0,1300,SHM,New Listing Cepat Rumah Siap Huni di Jl. Dwikora II Palembang,"hanya 2 menit ke PS Mall, 2 menit ke RS Siloam, 2 menit ke Aryaduta Hotel, 3 menit ke LRT, 5 menit ke kantor Gubernur, Rumah Cocok di buat Kos Kosan,mess,atau investasi Lingkungan aman dan nyaman, siap huni tanpa renov lagi Dekat dengan pusat perbelanjaan, perkantoran dan sekolah. nyaman untuk hunian bersama keluarga."
75,3/16/2021,https://www.rumah123.com/properti/palembang/hos8039085/,950000000,Palembang,108,275,2,1,0,0,1,0,2200,SHM,Dua Rumah Dalam 1 Pagar di Jl. Sultan Muhammad Mansyur Palembang,"Rumah kondisi bagus dan terawat, Berada di dalam yang ramai penduduk. Cocok buat tempat tinggal, Kosan dan keperluan lainnya."
76,3/16/2021,https://www.rumah123.com/properti/palembang/hos8038434/,950000000,Palembang,170,90,3,2,0,0,0,1,1300,SHM,New Listing Rumah di Komplek PHDM 1 Celentang Palembang,"Rumah dengan lingkungan yang nyaman, aman security 24 jam, dekat dengan bandara, JM Kenten, PTC mall dll.cocok untuk hunian bersama keluarga anda."
77,3/10/2021,https://www.rumah123.com/properti/palembang/hos8019754/,1700000000,Palembang,150,105,4,3,0,0,1,0,2200,SHM,New Listing Rumah Nyaman Huni di Komplek Cluster Sommer Meadow Citra Grand City Palembang,"Rumah minimalis modern kualitas bangunan yang sangat baik,berlokasi di perumahan citra gran city palembang. komplek dengan lingkungan yang nyaman untuk keluarga yang tinggal dimperkantoran dengan lingkungan yang asri dengan penuh pepohonan dan keamanan 24 jam."
78,3/10/2021,https://www.rumah123.com/properti/palembang/hos8018830/,550000000,Palembang,150,75,2,2,0,0,0,1,2200,SHM,New Listing Rumah Siap Huni di Jl. Bali Perumnas Sako Palembang,"Rumah dengan lingkungan yang ramai, dekat dengan : pasar perumnas rs cabang charitas, SDN 105, SMPN 53, SMAN 16, Xaverius dan lainnya."
79,3/9/2021,https://www.rumah123.com/properti/palembang/hos8017159/,455000000,Palembang,75,54,2,1,0,0,0,0,1300,SHM,Rumah 54/75 Grand Flower Sekojo Sematang Borang Palembang,"Komplek One Gate Sistem, Carport, Tedmond, Taman, Minimarket, rumah ibadah."
80,2/5/2021,https://www.rumah123.com/properti/palembang/hos7879861/,650000000,Palembang,72,70,3,2,0,0,1,0,2200,SHM,Rumah Townhouse minimalis di Tengah Kota Palembang Demang Lebar Daun,"Jumlah lantai : 2, Harga : Rp 650.000.000,- , - Sertifikat Hak Milik ( SHM ) , - Listrik 2200 Watt, - Air PDAM, - Jalan Cor, - One Gate System"
81,3/11/2021,https://www.rumah.com/listing-properti/dijual-rumah-di-jalan-naska-palembang-oleh-ahmad-yani-18229360,1600000000,Palembang,704,300,4,2,0,0,1,0,2200,SHM,Dijual Rumah Di Jalan Naska Palembang,"Rumah kondisi bagus, berada Berada di jalan sukarela ,Posisi Rumah bebas banjir , Cocok untuk rumah Pribadi, Rumah dinas, Mess dan sesuai kebutuhan keluarga anda tercinta."
82,3/10/2021,https://www.rumah.com/listing-properti/dijual-rumah-jalan-kancil-putih-palembang-oleh-ahmad-yani-17207472,600000000,Palembang,153,54,2,1,0,0,0,0,1300,SHM,"Dijual Rumah Murah Jln Kancil Putih, Komplek Kencana Hati Palembang","Rumah siap huni, lokasi di dalam komplek aman dan nyaman, kawasan yang cocok untuk tempat tinggal keluarga. Akses jalan depan lebar, sudah padat dan ramai, deket Istana Gubernur, Bank BCA dan deket Unsri."
83,3/11/2021,https://www.rumah.com/listing-properti/dijual-rumah-mewah-dijual-di-palembang-oleh-ahmad-yani-16223732,3480000000,Palembang,200,120,4,4,0,0,2,0,2200,SHM,Dijual Rumah Mewah Di Palembang Taman Kenten Golf,"Rumah 3 lantai bagus, lokasi strategis dengan finishing, harga murah, lokasi mudah dijangkau, kawasan aman dan nyaman , cocok untuk tempat Rumah Pribadi maupun Kantor, dekat lapangan Golf,PTC Mall, akses jalan 2 mobil, bebas banjir dan tentunya sesuai kebutuhan anda."
84,3/20/2021,https://www.rumah.com/listing-properti/dijual-dijual-rumah-dekat-kfc-demang-oleh-henny-chrissye-18367108,675000000,Palembang,104,120,3,2,0,0,1,0,1300,SHM,Dijual Rumah dekat KFC Demang,"Dijual 2 Unit Townhouse siap Huni di Belakang KFC Demang, Palembang"
85,3/27/2021,https://www.rumah.com/listing-properti/dijual-rumah-strategis-pusat-kota-palembang-dekat-sekolah-kampus-rs-pusat-kuliner-oleh-nenny-thoiyibah-16393798,694000000,Palembang,127,80,3,1,0,0,2,0,2200,SHM,"Rumah strategis pusat kota Palembang, dekat sekolah, kampus, RS, pusat kuliner","Rumah dijual, dekat dengan pusat kota, dekat dengan fasilitas pendidikan, harga nego."
86,3/10/2021,https://www.rumah.com/listing-properti/dijual-villa-safari-indah-oleh-ana-juliana-16623898,950000000,Palembang,216,180,4,4,0,0,2,0,2200,SHM,Villa Safari Indah,"Dijual rumah 2lantai di komp villa safira indah,jln bambang utoyo,LT 216m2.LB 180m2, KT 3+1,unit,KM 4unit,Garasi,Carport..Harga Jual 950jt..Nego..."
87,3/27/2021,https://www.rumah.com/listing-properti/dijual-jual-rumah-town-house-2-lantai-di-palembang-oleh-zulfi-18378569,975000000,Palembang,190,250,4,4,0,0,2,0,3500,SHM,Jual Rumah Town House 2 Lantai di Palembang,"Lingkungan nyaman,asri,bebas banjir"
88,2/10/2021,https://www.rumah.com/listing-properti/dijual-rumah-mewah-dengan-kolam-renang-di-sako-palembang-oleh-zulfi-18126075,1350000000,Palembang,170,184,4,4,0,0,2,0,3500,SHM,"Rumah Mewah Dengan Kolam Renang Di Sako, Palembang",Hunian Mewah Dilengkapi Private Swimming Pool Harga : 1.35 Milyar (Nego) Hub : Zulfi : 08126801744
89,3/12/2021,https://www.rumah.com/listing-properti/dijual-rumah-villa-arafuru-indah-palembang-oleh-ana-juliana-16522742,950000000,Palembang,204,160,2,2,0,0,2,0,2200,SHM,Dijual Rumah Di Villa Arafuru Indah Palembang,Luas tanah 12x17.bangunan 160.km tdr 4.kmr mandi 4.hrg 950jt nego
90,3/11/2021,https://www.rumah.com/listing-properti/dijual-komplek-bukit-sejahtera-poligon-palembang-oleh-ahmad-yani-18329675,450000000,Palembang,112,45,2,1,0,0,1,0,1300,SHM,Dijual Rumah Murah Di Komplek Poligon Palembang. Dijual Rumah Di komplek Poligon Bukit Sejahtera Jl Alamsyah Ratu Prawira Bukit Besar Palembang,"Rumah kondisi bagus siap huni, Berada dalam komplek Bukit Sejahtera Poligon, kawasan ramai lalu lintas kendaraan ,Cocok buat tempat tinggal, Posisi Rumah bebas banjir one gate sistem, Air Pam 24 Jam , dan sangat cocok buat keluarga anda tercinta.."
91,4/10/2021,https://www.rumah.com/listing-properti/dijual-rumah-subsidi-palembang-mata-merah-oleh-dennis-kurniawan-17743217,144000000,Palembang,84,36,2,1,0,0,0,0,1300,SHM,Rumah Subsidi Palembang Lokasi Bagus Kami menawarkan rumah baru di jalan taqwa mata merah palembang tipe rumah bangunan 36m2/ tanah 84m2 HUBUNGI 081278968859 lokasi ramai & dekat warung jalan utama perumahan sudah cor listrik 1300 watt air sumur sertifikat sudah pecah & SHM jangan ragu lagi bapak/ibu,lokasi ramai & dekat warung jalan utama perumahan sudah cor listrik 1300 watt air sumur sertifikat sudah pecah & SHM jangan ragu lagi bapak/ibu
92,2/11/2021,https://www.rumah.com/listing-properti/dijual-kos-dijual-di-palembang-oleh-ahmad-yani-17694685,3500000000,Palembang,1115,1500,40,40,0,0,10,0,22000,SHM,"Dijual Kos Murah Di Palembang. New Listing Jual Kemang Hill Kost, Kost Exclusice dengan 40 Kamar Tidur Full Furnished Jln Lunjuk Jaya Demang Lebar Daun Palembang","Tingkat Hunian (occupancy rate) sudah 70%, Tingkat hunian Bulanan 1-1,4 juta/kamar."
93,2/10/2021,https://www.rumah.com/listing-properti/dijual-kencana-damai-kenten-palembang-oleh-fonny-danoko-10026191,430000000,Palembang,140,40,2,1,0,0,2,0,2200,SHM,"Dijual Kencana Damai, Semi Furnished, Siap Huni. jual rumah di kencana damai, kenten, pemilik BU sekali, terima penawaran berapa pun, nego sampai deal.",rumah di lokasi yang sedang running & memiliki prospek yang luar biasa. berada di lokasi yang sangat strategis & didukung berbagai fasilitas seperti: * berada di lokasi yang sedang sangat berkembang * dekat akses jalan menuju bandara Sultan Mahmud Badarudin II * dekat dengan pusat keramaian kota * dekat dengan banyak sekolah & kampus * dekat dengan rumah sakit * dekat dengan akses jalan tol * dekat dengan banyak pusat perbelanjaan & perkantoran * ada akses kendaraan umum
94,3/10/2021,https://www.rumah.com/listing-properti/dijual-rumah-dijual-di-palembang-oleh-ahmad-yani-16481159,450000000,Palembang,84,57,2,1,0,0,1,0,1300,SHM,Dijual rumah Jl sungai sahang bersebelahan dinding dengan kampus usri,"lokasi tengah kota - 3 Menit ke ps Mall,Palembang Icon,Rumah sakit siloam -Bersebelahan dengan universitas UNSRI -Dekat dengan Bank BCA -Dekat istanah Gubernurakses jalan bisa di lalui mobil truk.."
95,4/4/2021,https://www.rumah.com/listing-properti/dijual-green-center-park-palembang-oleh-chris-18415099,345000000,Palembang,84,40,2,1,0,0,1,0,2200,SHM,Best Green Center Park Palembang. Lokasi Terbaik di Palembang!!! Green Center Park Palembang Lokasi Premium Alang-Alang Lebar.,Lokasi Terbaik di Palembang!!! Green Center Park Palembang Lokasi Premium Alang-Alang Lebar.
96,4/7/2021,https://www.rumah.com/listing-properti/dijual-green-center-park-palembang-oleh-tian-18414178,345000000,Palembang,84,40,2,1,0,0,1,0,2200,SHM,"Green Center Park Palembang All In 5 Jt GCP Palembang, MAU Kawasan Elit Harga Termurah Di KELASNYA? Hanya 5 JT sudah dapat Hunian komersil!!!","Cicilan mulai dr 2,5jtan sd 3jtaan (Untuk tipe 1 lantai) Promo Tahun 2021 Free biaya kpr* Tanpa DP?? Cashbcak Lebih?? Free pajak2??"
97,4/7/2021,https://www.rumah.com/listing-properti/dijual-green-center-park-palembang-oleh-tian-18413267,360000000,Palembang,84,40,2,1,0,0,1,0,2200,SHM,"Rumah Komersil Palembang, No DP kawasan asri,aman dan nyaman. Lokasi strategis dijantung kota palembang","Dapatkan bunga spesial 5,99% fix 3 tahun pertama (Bank mandiri) Cash bertahap bisa 1 tahun tanpa bunga survei dan buktikan promonya!!"
98,3/19/2021,https://www.rumah.com/listing-properti/dijual-rumah-hulubalang-palembang-oleh-henny-chrissye-16071323#map,820000000,Palembang,150,120,4,3,0,0,1,0,2200,SHM,Dijual Rumah 2 lantai strategis d komplek griya siguntang palembang,"Lokasi Perumahan di Griya Siguntang, Jalan Hulubalang 2, Bukit Besar, Palembang. Jarak 10 menit ke Universitas Sriwijaya, SMA Negeri 1, SMA Negeri 2, SMA Negeri 10, Jarak 15 menit ke Mall Palembang Square, Palembang Icon, Transmart, PIM"
99,3/19/2021,https://www.rumah.com/listing-properti/dijual-rumah-sukarame-palembang-oleh-henny-chrissye-16071236,650000000,Palembang,126,100,4,2,0,0,0,0,1300,SHM,"Dijual Rumah Soap Huni, Jln Perindustrian 1 Sukarame Palembang","Rumah kondisi bagus siap huni, harga murah yang terjangkau, jarak 10 menit ke RS Myria, lingkungan nyaman untuk tempat tinggal."
100,3/19/2021,https://www.rumah.com/listing-properti/dijual-springhill-palembang-oleh-endang-wasiati-18349412,1000000000,Palembang,100,90,2,1,0,0,0,0,2200,SHGB,Springhill Palembang,"Rumah berada di dalam komplek one gate system, kawasan perumnas kelapa kawasan ramai. mudah kemana-mana hanya 5 menit ke bandara. bebas banjir, jalan lebar. parkir luas."